Redirect from,Redirect to
/mattresses/large-sizes,/pages/large-sizes
/mattresses/european-king,/pages/european-king
/mattresses/specification,/pages/specification
/what-it-buys,/pages/what-it-buys
/mattress-recycling,/pages/mattress-recycling
/about,/pages/about
/manufacturing,/pages/manufacturing
/configure,/pages/configure
/journal,/pages/journal
/mattresses/support,/pages/support
/mattresses/cooling,/pages/cooling
/mattresses/split-king,/pages/split-king
/support,/pages/support
/cooling,/pages/cooling
/split-king,/pages/split-king
/basket,/cart
